{
	"alpha": {
		"start": 0.62,
		"end": 0
	},
	"scale": {
		"start": 0.25,
		"end": 0.15
	},
	"color": {
		"start": "fff191",
		"end": "ff622c"
	},
	"speed": {
		"start": 0,
		"end": 0
	},
	"startRotation": {
		"min": 265,
		"max": 275
	},
	"rotationSpeed": {
		"min": 50,
		"max": 50
	},
	"lifetime": {
		"min": 0.1,
		"max": 0.2
	},
	"blendMode": "add",
	"frequency": 0.001,
	"emitterLifetime": 0,
	"maxParticles": 300,
	"pos": {
		"x": 0,
		"y": 0
	},
	"addAtBack": false,
	"spawnType": "circle",
	"spawnCircle": {
		"x": 0,
		"y": 0,
		"r": 0
	}
}